商品类目链接,https://www.amazon.de/gp/bestsellers/kitchen/3437622031/ref=pd_zg_hrsr_kitchen?language=en_US,,,,,
标题关键字列表(1个单词),标题关键字列表(2个单词),标题关键字列表(3个单词),五点关键字列表(1个单词),五点关键字列表(2个单词),五点关键字列表(3个单词),
mit | 33 (3.7%),kg belastbar | 8 (0.9%),für kleine räume | 5 (0.6%),und | 131 (2.8%),das regal | 17 (0.4%),die höhe der | 6 (0.1%),
cm | 24 (2.7%),regal mit | 5 (0.6%),kisten regal für | 3 (0.3%),die | 92 (2%),bis zu | 11 (0.2%),auf diesem regal | 6 (0.1%),
regal | 20 (2.2%),verstellbare ablagen | 5 (0.6%),songmics badezimmerregal standregal | 3 (0.3%),sie | 91 (2%),lässt sich | 9 (0.2%),was sie bekommen: | 6 (0.1%),
für | 19 (2.1%),pp platten | 5 (0.6%),,der | 72 (1.6%),zwischen den | 9 (0.2%),das regal wird | 4 (0.1%),
standregal | 19 (2.1%),für kleine | 5 (0.6%),,für | 68 (1.5%),sie ihre | 9 (0.2%),wie bad oder | 4 (0.1%),
aus | 16 (1.8%),kleine räume | 5 (0.6%),,das | 61 (1.3%),eine für | 8 (0.2%),kein werkzeug erforderlich | 4 (0.1%),
schwarz | 11 (1.2%),,,ist | 56 (1.2%),pp platten | 8 (0.2%),der abstand zwischen | 4 (0.1%),
songmics | 11 (1.2%),,,mit | 51 (1.1%),dieses regal | 8 (0.2%),,
badregal | 11 (1.2%),,,zu | 47 (1%),diesem regal | 8 (0.2%),,
küchenregal | 11 (1.2%),,,oder | 46 (1%),,,
,,,,,,
商品类目链接,https://www.amazon.de/gp/bestsellers/kitchen/343509011/ref=pd_zg_hrsr_kitchen?language=en_US,,,,,
标题关键字列表(1个单词),标题关键字列表(2个单词),标题关键字列表(3个单词),五点关键字列表(1个单词),五点关键字列表(2个单词),五点关键字列表(3个单词),
für | 55 (5.9%),für kinder | 20 (2.1%),bücherregal für kinder | 9 (1%),und | 156 (3.3%),das regal | 17 (0.4%),ecken und kanten | 8 (0.2%),
mit | 35 (3.8%),spielzeug organizer | 11 (1.2%),kinderzimmerregal spielzeug organizer | 5 (0.5%),die | 147 (3.1%),ecken und | 15 (0.3%),die tonie box | 8 (0.2%),
kinder | 32 (3.4%),bücherregal für | 9 (1%),songmics kinderzimmerregal spielzeug | 4 (0.4%),mit | 87 (1.9%),die tonie | 15 (0.3%),die tonie figuren | 7 (0.1%),
regal | 24 (2.6%),für die | 8 (0.9%),für kinder mit | 4 (0.4%),für | 73 (1.6%),für die | 12 (0.3%),an der wand | 6 (0.1%),
bücherregal | 24 (2.6%),regal für | 7 (0.8%),kinderzimmer schule kindergarten | 4 (0.4%),sie | 70 (1.5%),können die | 12 (0.3%),ablagefach hxbxt : | 6 (0.1%),
weiß | 23 (2.5%),aufbewahrungsregal für | 6 (0.6%),für die musikbox | 4 (0.4%),das | 66 (1.4%),hxbxt : | 11 (0.2%),einfache montage das | 5 (0.1%),
kinderregal | 17 (1.8%),passend für | 6 (0.6%),kinder baby zimmer | 4 (0.4%),der | 56 (1.2%),ihrer kinder | 10 (0.2%),cm b x | 5 (0.1%),
und | 17 (1.8%),für über | 6 (0.6%),zum spielen und | 4 (0.4%),regal | 44 (0.9%),ihre kinder | 10 (0.2%),b x h | 5 (0.1%),
cm | 16 (1.7%),songmics kinderzimmerregal | 5 (0.5%),spielen und sammeln | 4 (0.4%),ist | 43 (0.9%),dank der | 9 (0.2%),,
spielzeug | 16 (1.7%),,regal für kinder | 3 (0.3%),zu | 42 (0.9%),für kinder | 9 (0.2%),,
,,,,,,
商品类目链接,https://www.amazon.de/gp/bestsellers/kitchen/202862031/ref=pd_zg_hrsr_kitchen?language=en_US,,,,,
标题关键字列表(1个单词),标题关键字列表(2个单词),标题关键字列表(3个单词),五点关键字列表(1个单词),五点关键字列表(2个单词),五点关键字列表(3个单词),
bücherregal | 40 (4.6%),bücherregal mit | 7 (0.8%),im industrie design | 4 (0.5%),und | 190 (3.8%),verfügt über | 12 (0.2%),für die aufbewahrung | 7 (0.1%),
mit | 27 (3.1%),für wohnzimmer | 7 (0.8%),für wohnzimmer schlafzimmer | 4 (0.5%),sie | 85 (1.7%),für die | 11 (0.2%),die aufbewahrung von | 7 (0.1%),
weiß | 27 (3.1%),cm weiß | 5 (0.6%),wohnzimmer schlafzimmer büro | 3 (0.3%),die | 83 (1.7%),es kann | 9 (0.2%),an der wand | 7 (0.1%),
regal | 25 (2.9%),vasagle bücherregal | 5 (0.6%),[en casa] stylisches | 3 (0.3%),für | 75 (1.5%),das bücherregal | 9 (0.2%),nach ihren bedürfnissen | 6 (0.1%),
standregal | 24 (2.8%),wohnzimmer schlafzimmer | 5 (0.6%),für büro und | 3 (0.3%),das | 73 (1.5%),für wohnzimmer | 8 (0.2%),cm b x | 6 (0.1%),
büro | 19 (2.2%),schreibtisch organizer | 5 (0.6%),büro und zuhause | 3 (0.3%),mit | 69 (1.4%),nicht nur | 8 (0.2%),noch nicht zufrieden | 5 (0.1%),
für | 17 (2%),im industrie | 4 (0.5%),,zu | 60 (1.2%),aufgestellt werden | 8 (0.2%),ist eine wandbefestigung | 5 (0.1%),
raumteiler | 16 (1.8%),,,ist | 57 (1.1%),,kann nicht nur | 5 (0.1%),
wohnzimmer | 14 (1.6%),,,der | 56 (1.1%),,es kann als | 5 (0.1%),
cm | 13 (1.5%),,,cm | 51 (1%),,,
,,,,,,
商品类目链接,https://www.amazon.de/gp/bestsellers/kitchen/2970933031/ref=pd_zg_hrsr_kitchen?language=en_US,,,,,
标题关键字列表(1个单词),标题关键字列表(2个单词),标题关键字列表(3个单词),五点关键字列表(1个单词),五点关键字列表(2个单词),五点关键字列表(3个单词),
wandregal | 43 (4.2%),schlafzimmer wohnzimmer | 9 (0.9%),schlafzimmer wohnzimmer küche | 6 (0.6%),und | 259 (4%),der wand | 25 (0.4%),an der wand | 23 (0.4%),
für | 37 (3.6%),wohnzimmer küche | 9 (0.9%),für wohnzimmer schlafzimmer | 3 (0.3%),sie | 162 (2.5%),an der | 24 (0.4%),was sie bekommen: | 6 (0.1%),
set | 28 (2.7%),songmics wandregale | 7 (0.7%),wohnzimmer schlafzimmer flur | 3 (0.3%),die | 145 (2.3%),der küche | 21 (0.3%),gönnen sie sich | 6 (0.1%),
wohnzimmer | 25 (2.4%),set schweberegale | 7 (0.7%),für küche badezimmer | 3 (0.3%),der | 100 (1.6%),sie können | 19 (0.3%),sie sich also | 6 (0.1%),
schwarz | 22 (2.1%),für wohnzimmer | 6 (0.6%),,für | 98 (1.5%),das regal | 17 (0.3%),sie können das | 5 (0.1%),
schlafzimmer | 21 (2%),wohnzimmer schlafzimmer | 6 (0.6%),,das | 90 (1.4%),für die | 17 (0.3%),egal ob im | 5 (0.1%),
holz | 20 (1.9%),storemic wandregal | 6 (0.6%),,mit | 78 (1.2%),nicht nur | 14 (0.2%),ob im wohnzimmer | 5 (0.1%),
mit | 20 (1.9%),für küche | 5 (0.5%),,zu | 69 (1.1%),können sie | 13 (0.2%),,
regal | 19 (1.8%),,,oder | 68 (1.1%),die regale | 12 (0.2%),,
schweberegal | 18 (1.7%),,,ist | 67 (1%),,,
,,,,,,
商品类目链接,https://www.amazon.de/gp/bestsellers/kitchen/2810183031/ref=pd_zg_hrsr_kitchen?language=en_US,,,,,
标题关键字列表(1个单词),标题关键字列表(2个单词),标题关键字列表(3个单词),五点关键字列表(1个单词),五点关键字列表(2个单词),五点关键字列表(3个单词),
bücherregal | 42 (5%),vasagle bücherregal | 14 (1.7%),ikea kallax regal | 4 (0.5%),und | 179 (3.5%),das regal | 16 (0.3%),an der wand | 12 (0.2%),
mit | 33 (3.9%),bücherregal mit | 8 (1%),cm vasagle bücherregal | 4 (0.5%),sie | 99 (1.9%),sie ihre | 13 (0.3%),im lieferumfang enthalten | 6 (0.1%),
regal | 25 (3%),aus holz | 7 (0.8%),industrie design vintagebraun | 4 (0.5%),die | 96 (1.9%),an der | 12 (0.2%),x b x | 6 (0.1%),
cm | 21 (2.5%),wohnzimmer schlafzimmer | 7 (0.8%),design vintagebraun schwarz | 4 (0.5%),mit | 88 (1.7%),der wand | 12 (0.2%),was sie bekommen: | 6 (0.1%),
standregal | 20 (2.4%),für wohnzimmer | 7 (0.8%),vasagle bücherregal mit | 3 (0.4%),der | 72 (1.4%),was sie | 11 (0.2%),sie bekommen: ein | 6 (0.1%),
vasagle | 17 (2%),für büro | 6 (0.7%),aufbewahrung regal beton | 3 (0.4%),regal | 68 (1.3%),im lieferumfang | 10 (0.2%),leicht verständlichen anleitung | 5 (0.1%),
für | 17 (2%),industrie design | 6 (0.7%),für büro wohnzimmer | 3 (0.4%),das | 64 (1.3%),mit einer | 10 (0.2%),was sie bekommen | 5 (0.1%),
wohnzimmer | 17 (2%),vintagebraun schwarz | 6 (0.7%),büro wohnzimmer schlafzimmer | 3 (0.4%),ist | 60 (1.2%),können sie | 10 (0.2%),l x b | 5 (0.1%),
büro | 16 (1.9%),,,zu | 55 (1.1%),mit dem | 9 (0.2%),unserer alinru kollektion | 5 (0.1%),
weiß | 13 (1.6%),,,eine | 49 (1%),,,
,,,,,,
