商品类目链接,https://www.amazon.com/gp/bestsellers/electronics/12097479011/ref=pd_zg_hrsr_electronics?language=en_US,,,,,
标题关键字列表(1个单词),标题关键字列表(2个单词),标题关键字列表(3个单词),五点关键字列表(1个单词),五点关键字列表(2个单词),五点关键字列表(3个单词),
headphones | 131 (5.7%),noise cancelling | 25 (1.1%),noise cancelling headphones | 13 (0.6%),headphones | 262 (1.3%),you can | 66 (0.3%),zihnic headphones are | 20 (0.1%),
wireless | 87 (3.8%),bluetooth headphones | 23 (1%),and wired stereo | 7 (0.3%),bluetooth | 217 (1.1%),hours of | 55 (0.3%),noise reduction technology | 19 (0.1%),
ear | 74 (3.2%),wireless headphones | 17 (0.7%),weight for prolonged | 7 (0.3%),music | 149 (0.8%),headphones are | 49 (0.2%),headphones are compatible | 17 (0.1%),
bluetooth | 66 (2.9%),headphones for | 16 (0.7%),alexa voice control | 7 (0.3%),sound | 141 (0.7%),,the charging case | 16 (0.1%),
headset | 38 (1.7%),deep bass | 16 (0.7%),,wireless | 125 (0.6%),,,
noise | 32 (1.4%),kids headphones | 14 (0.6%),,noise | 121 (0.6%),,,
stereo | 30 (1.3%),,,hours | 119 (0.6%),,,
black | 29 (1.3%),,,ear | 102 (0.5%),,,
mic | 29 (1.3%),,,audio | 80 (0.4%),,,
,,,,,,
商品类目链接,https://www.amazon.com/gp/bestsellers/electronics/3003611/ref=pd_zg_hrsr_electronics?language=en_US,,,,,
标题关键字列表(1个单词),标题关键字列表(2个单词),标题关键字列表(3个单词),五点关键字列表(1个单词),五点关键字列表(2个单词),五点关键字列表(3个单词),
player | 114 (5%),record player | 97 (4.2%),vinyl record player | 28 (1.2%),record | 172 (1.3%),record player | 101 (0.8%),a great choice | 26 (0.2%),
record | 105 (4.6%),vinyl record | 33 (1.4%),portable suitcase record | 19 (0.8%),player | 146 (1.1%),headphone jack | 44 (0.3%),great choice for | 26 (0.2%),
turntable | 101 (4.4%),speed bluetooth | 23 (1%),suitcase record player | 19 (0.8%),turntable | 120 (0.9%),the record | 41 (0.3%),choice for vinyl | 26 (0.2%),
vinyl | 65 (2.8%),stereo speakers | 21 (0.9%),,vinyl | 105 (0.8%),a great | 37 (0.3%),for vinyl lovers | 25 (0.2%),
speed | 64 (2.8%),,,speakers | 104 (0.8%),you want | 36 (0.3%),no stereo system | 25 (0.2%),
bluetooth | 64 (2.8%),,,music | 99 (0.8%),vinyl records | 33 (0.3%),stereo system or | 25 (0.2%),
speakers | 62 (2.7%),,,stereo | 98 (0.8%),,system or extra | 25 (0.2%),
built | 56 (2.4%),,,bluetooth | 92 (0.7%),,or extra equipment | 25 (0.2%),
vintage | 41 (1.8%),,,sound | 83 (0.6%),,extra equipment required | 25 (0.2%),
stereo | 39 (1.7%),,,rca | 74 (0.6%),,,
,,,,,,
商品类目链接,https://www.amazon.com/gp/bestsellers/electronics/18008656011/ref=pd_zg_hrsr_electronics?language=en_US,,,,,
标题关键字列表(1个单词),标题关键字列表(2个单词),标题关键字列表(3个单词),五点关键字列表(1个单词),五点关键字列表(2个单词),五点关键字列表(3个单词),
record | 157 (8.6%),vinyl record | 69 (3.8%),vinyl record cleaner | 31 (1.7%),record | 245 (2.2%),vinyl record | 62 (0.6%),vinyl record cleaning | 20 (0.2%),
vinyl | 111 (6.1%),record cleaner | 47 (2.6%),vinyl record cleaning | 19 (1%),vinyl | 226 (2%),record cleaning | 49 (0.4%),hudson hi fi | 18 (0.2%),
cleaning | 104 (5.7%),record cleaning | 42 (2.3%),record cleaning kit | 13 (0.7%),cleaning | 201 (1.8%),your vinyl | 47 (0.4%),the life of | 15 (0.1%),
cleaner | 86 (4.7%),anti static | 39 (2.1%),record cleaner kit | 13 (0.7%),brush | 130 (1.2%),record cleaner | 43 (0.4%),a full refund | 14 (0.1%),
brush | 80 (4.4%),cleaning kit | 18 (1%),anti static carbon | 9 (0.5%),records | 88 (0.8%),carbon fiber | 32 (0.3%),contact us for | 13 (0.1%),
kit | 46 (2.5%),carbon fiber | 17 (0.9%),record cleaning solution | 8 (0.4%),stylus | 88 (0.8%),of your | 31 (0.3%),us for a | 13 (0.1%),
stylus | 41 (2.3%),cleaning solution | 16 (0.9%),static carbon fiber | 8 (0.4%),cleaner | 87 (0.8%),vinyl records | 31 (0.3%),vinyl record cleaner | 13 (0.1%),
anti | 39 (2.1%),cleaning brush | 15 (0.8%),velvet record brush | 7 (0.4%),dust | 79 (0.7%),the record | 30 (0.3%),dust and dirt | 12 (0.1%),
static | 39 (2.1%),record brush | 14 (0.8%),anti static record | 7 (0.4%),static | 71 (0.6%),dust and | 29 (0.3%),your vinyl record | 12 (0.1%),
solution | 26 (1.4%),,,quality | 69 (0.6%),anti static | 29 (0.3%),record cleaner kit | 12 (0.1%),
,,,,,,
商品类目链接,https://www.amazon.com/gp/bestsellers/electronics/9977443011/ref=pd_zg_hrsr_electronics?language=en_US,,,,,
标题关键字列表(1个单词),标题关键字列表(2个单词),标题关键字列表(3个单词),五点关键字列表(1个单词),五点关键字列表(2个单词),五点关键字列表(3个单词),
player | 106 (5%),record player | 89 (4.2%),vinyl record player | 29 (1.4%),record | 156 (1.4%),record player | 81 (0.7%),a great choice | 16 (0.1%),
record | 105 (5%),vinyl record | 37 (1.7%),bluetooth record player | 14 (0.7%),player | 119 (1.1%),the record | 32 (0.3%),great choice for | 16 (0.1%),
turntable | 93 (4.4%),belt drive | 16 (0.8%),,turntable | 105 (0.9%),vinyl records | 30 (0.3%),choice for vinyl | 16 (0.1%),
vinyl | 62 (2.9%),audio technica | 14 (0.7%),,vinyl | 88 (0.8%),headphone jack | 29 (0.3%),for vinyl lovers | 16 (0.1%),
speed | 50 (2.4%),,,music | 76 (0.7%),you can | 28 (0.3%),no stereo system | 15 (0.1%),
speakers | 46 (2.2%),,,records | 75 (0.7%),,stereo system or | 15 (0.1%),
bluetooth | 44 (2.1%),,,speakers | 73 (0.7%),,system or extra | 15 (0.1%),
built | 40 (1.9%),,,stereo | 67 (0.6%),,or extra equipment | 15 (0.1%),
vintage | 31 (1.5%),,,sound | 67 (0.6%),,,
stereo | 30 (1.4%),,,bluetooth | 61 (0.5%),,,
,,,,,,
商品类目链接,https://www.amazon.com/gp/bestsellers/musical-instruments/11972101/ref=pd_zg_hrsr_musical-instruments?language=en_US,,,,,
标题关键字列表(1个单词),标题关键字列表(2个单词),标题关键字列表(3个单词),五点关键字列表(1个单词),五点关键字列表(2个单词),五点关键字列表(3个单词),
recorder | 116 (7.9%),soprano recorder | 47 (3.2%),key of c | 11 (0.7%),recorder | 152 (2%),cleaning rod | 53 (0.7%),soprano recorder is | 18 (0.2%),
soprano | 68 (4.6%),cleaning rod | 38 (2.6%),soprano descant recorder | 10 (0.7%),easy | 81 (1.1%),soprano recorder | 43 (0.6%),home practice music | 17 (0.2%),
cleaning | 45 (3.1%),german style | 22 (1.5%),recorder instrument for | 8 (0.5%),cleaning | 73 (1%),of the | 34 (0.4%),school ensembles home | 16 (0.2%),
hole | 38 (2.6%),key of | 18 (1.2%),instrument for kids | 8 (0.5%),fingering | 72 (0.9%),recorder is | 30 (0.4%),ensembles home practice | 16 (0.2%),
rod | 38 (2.6%),for kids | 17 (1.2%),soprano recorder descant | 7 (0.5%),music | 71 (0.9%),suitable for | 30 (0.4%),practice music classes | 16 (0.2%),
key | 33 (2.2%),fingering chart | 16 (1.1%),key of f | 7 (0.5%),soprano | 69 (0.9%),fingering chart | 29 (0.4%),clean the inside | 15 (0.2%),
instrument | 32 (2.2%),c key | 15 (1%),,hole | 57 (0.7%),,is made of | 13 (0.2%),
bag | 31 (2.1%),,,bag | 53 (0.7%),,,
fingering | 30 (2%),,,rod | 53 (0.7%),,,
descant | 30 (2%),,,play | 44 (0.6%),,,
,,,,,,
商品类目链接,https://www.amazon.com/gp/bestsellers/electronics/172542/ref=pd_zg_hrsr_electronics?language=en_US,,,,,
标题关键字列表(1个单词),标题关键字列表(2个单词),标题关键字列表(3个单词),五点关键字列表(1个单词),五点关键字列表(2个单词),五点关键字列表(3个单词),
cd | 92 (5.1%),cd dvd | 29 (1.6%),cd dvd case | 17 (0.9%),cd | 172 (1.7%),cd dvd | 56 (0.5%),long time use | 14 (0.1%),
case | 78 (4.3%),dvd case | 27 (1.5%),capacity cd dvd | 14 (0.8%),dvd | 134 (1.3%),dvd storage | 33 (0.3%),plastic pp film | 13 (0.1%),
dvd | 78 (4.3%),capacity cd | 24 (1.3%),cd jewel case | 10 (0.6%),storage | 114 (1.1%),high quality | 27 (0.3%),cd dvd discs | 13 (0.1%),
storage | 64 (3.5%),cd case | 20 (1.1%),dvd case holder | 10 (0.6%),sleeves | 88 (0.9%),you can | 25 (0.2%),non woven fabric | 12 (0.1%),
capacity | 48 (2.6%),case holder | 20 (1.1%),capacity cd case | 9 (0.5%),discs | 81 (0.8%),keep your | 24 (0.2%),for long time | 12 (0.1%),
holder | 43 (2.4%),dvd storage | 18 (1%),cd case holder | 8 (0.4%),case | 80 (0.8%),of the | 22 (0.2%),be a little | 12 (0.1%),
sleeves | 40 (2.2%),vinyl record | 12 (0.7%),clear cd jewel | 7 (0.4%),cds | 70 (0.7%),made of | 20 (0.2%),a little color | 12 (0.1%),
clear | 32 (1.8%),cd jewel | 11 (0.6%),case holder storage | 7 (0.4%),vinyl | 54 (0.5%),,little color difference | 12 (0.1%),
black | 28 (1.5%),jewel case | 10 (0.6%),capacity heavy duty | 6 (0.3%),quality | 51 (0.5%),,camera or other | 12 (0.1%),
wallet | 27 (1.5%),holder organizer | 9 (0.5%),,dvds | 50 (0.5%),,or other factors | 12 (0.1%),
,,,,,,
商品类目链接,https://www.amazon.com/gp/bestsellers/musical-instruments/11973111/ref=pd_zg_hrsr_musical-instruments?language=en_US,,,,,
标题关键字列表(1个单词),标题关键字列表(2个单词),标题关键字列表(3个单词),五点关键字列表(1个单词),五点关键字列表(2个单词),五点关键字列表(3个单词),
microphone | 80 (3.6%),microphone for | 13 (0.6%),for blue yeti | 9 (0.4%),microphone | 134 (1%),the microphone | 30 (0.2%),oxygen free copper | 8 (0.1%),
mic | 47 (2.1%),karaoke microphone | 12 (0.5%),suspension boom scissor | 6 (0.3%),sound | 97 (0.8%),pop filter | 29 (0.2%),can be used | 7 (0.1%),
cable | 31 (1.4%),blue yeti | 12 (0.5%),boom scissor arm | 6 (0.3%),mic | 84 (0.7%),the mic | 23 (0.2%),plug and play | 6 (0%),
karaoke | 31 (1.4%),pop filter | 11 (0.5%),wireless bluetooth karaoke | 4 (0.2%),cable | 69 (0.5%),you can | 23 (0.2%),wide frequency response | 6 (0%),
stand | 27 (1.2%),for blue | 11 (0.5%),bluetooth karaoke microphone | 4 (0.2%),recording | 62 (0.5%),of the | 22 (0.2%),table mounting clamp | 6 (0%),
black | 24 (1.1%),microphone stand | 8 (0.4%),,high | 60 (0.5%),,cardioid pickup pattern | 5 (0%),
studio | 22 (1%),led lights | 7 (0.3%),,audio | 59 (0.5%),,x pop filter | 5 (0%),
recording | 22 (1%),,,noise | 57 (0.4%),,,
blue | 20 (0.9%),,,quality | 45 (0.3%),,,
usb | 19 (0.9%),,,voice | 44 (0.3%),,,
,,,,,,
