商品类目链接,https://www.amazon.com/gp/bestsellers/electronics/3003611/ref=pd_zg_hrsr_electronics?language=en_US,,,,,
标题关键字列表(1个单词),标题关键字列表(2个单词),标题关键字列表(3个单词),五点关键字列表(1个单词),五点关键字列表(2个单词),五点关键字列表(3个单词),
player | 121 (5.3%),record player | 97 (4.2%),vinyl record player | 25 (1.1%),record | 190 (1.4%),record player | 112 (0.8%),a great choice | 27 (0.2%),
record | 111 (4.8%),vinyl record | 34 (1.5%),bluetooth record player | 19 (0.8%),player | 149 (1.1%),headphone jack | 45 (0.3%),great choice for | 27 (0.2%),
turntable | 99 (4.3%),speed bluetooth | 21 (0.9%),suitcase record player | 17 (0.7%),vinyl | 124 (0.9%),vinyl records | 42 (0.3%),choice for vinyl | 27 (0.2%),
vinyl | 74 (3.2%),bluetooth record | 19 (0.8%),,speakers | 115 (0.8%),the record | 40 (0.3%),ideal for beginners | 26 (0.2%),
speed | 67 (2.9%),,,turntable | 112 (0.8%),a great | 39 (0.3%),for vinyl lovers | 26 (0.2%),
speakers | 64 (2.8%),,,music | 110 (0.8%),sound quality | 36 (0.3%),no stereo system | 25 (0.2%),
bluetooth | 64 (2.8%),,,sound | 98 (0.7%),,stereo system or | 25 (0.2%),
built | 54 (2.4%),,,bluetooth | 95 (0.7%),,system or extra | 25 (0.2%),
vintage | 42 (1.8%),,,stereo | 92 (0.7%),,,
portable | 38 (1.7%),,,records | 88 (0.6%),,,
,,,,,,
商品类目链接,https://www.amazon.com/gp/bestsellers/electronics/9977443011/ref=pd_zg_hrsr_electronics?language=en_US,,,,,
标题关键字列表(1个单词),标题关键字列表(2个单词),标题关键字列表(3个单词),五点关键字列表(1个单词),五点关键字列表(2个单词),五点关键字列表(3个单词),
player | 110 (5.1%),record player | 91 (4.3%),vinyl record player | 28 (1.3%),record | 163 (1.4%),record player | 95 (0.8%),ideal for beginners | 20 (0.2%),
record | 104 (4.9%),vinyl record | 34 (1.6%),suitcase record player | 15 (0.7%),player | 124 (1.1%),the record | 34 (0.3%),a great choice | 19 (0.2%),
turntable | 92 (4.3%),speed bluetooth | 17 (0.8%),speed bluetooth portable | 14 (0.7%),turntable | 98 (0.8%),headphone jack | 32 (0.3%),great choice for | 19 (0.2%),
vinyl | 60 (2.8%),victrola vintage | 16 (0.7%),,music | 89 (0.8%),a great | 31 (0.3%),choice for vinyl | 19 (0.2%),
speakers | 51 (2.4%),,,vinyl | 82 (0.7%),sound quality | 29 (0.2%),for vinyl lovers | 19 (0.2%),
speed | 50 (2.3%),,,speakers | 81 (0.7%),,no stereo system | 19 (0.2%),
bluetooth | 46 (2.2%),,,sound | 78 (0.7%),,stereo system or | 19 (0.2%),
built | 44 (2.1%),,,records | 74 (0.6%),,system or extra | 19 (0.2%),
vintage | 35 (1.6%),,,stereo | 73 (0.6%),,,
portable | 31 (1.4%),,,bluetooth | 69 (0.6%),,,
,,,,,,
商品类目链接,https://www.amazon.com/gp/bestsellers/office-products/15327871/ref=pd_zg_hrsr_office-products?language=en_US,,,,,
标题关键字列表(1个单词),标题关键字列表(2个单词),标题关键字列表(3个单词),五点关键字列表(1个单词),五点关键字列表(2个单词),五点关键字列表(3个单词),
scanner | 128 (5.7%),barcode scanner | 85 (3.8%),bar code reader | 22 (1%),barcode | 235 (1.4%),barcode scanner | 98 (0.6%),plug and play | 20 (0.1%),
barcode | 112 (4.9%),bar code | 44 (1.9%),wireless barcode scanner | 19 (0.8%),scanner | 214 (1.3%),can be | 40 (0.2%),word excel novell | 19 (0.1%),
usb | 75 (3.3%),code reader | 26 (1.1%),bar code scanner | 12 (0.5%),code | 167 (1%),storage mode | 34 (0.2%),excel novell and | 18 (0.1%),
wireless | 72 (3.2%),wireless barcode | 21 (0.9%),bluetooth barcode scanner | 11 (0.5%),mode | 127 (0.8%),of the | 32 (0.2%),all common software | 17 (0.1%),
code | 59 (2.6%),barcode reader | 19 (0.8%),,scanning | 122 (0.7%),usb receiver | 29 (0.2%),,
reader | 57 (2.5%),code scanner | 19 (0.8%),,usb | 117 (0.7%),,,
bar | 45 (2%),bluetooth barcode | 16 (0.7%),,scan | 106 (0.6%),,,
handheld | 40 (1.8%),,,barcodes | 104 (0.6%),,,
bluetooth | 40 (1.8%),,,wireless | 102 (0.6%),,,
,,,,,,
商品类目链接,https://www.amazon.com/gp/bestsellers/electronics/689995011/ref=pd_zg_hrsr_electronics?language=en_US,,,,,
标题关键字列表(1个单词),标题关键字列表(2个单词),标题关键字列表(3个单词),五点关键字列表(1个单词),五点关键字列表(2个单词),五点关键字列表(3个单词),
audio | 72 (4.1%),phono preamp | 18 (1%),for home audio | 10 (0.6%),audio | 125 (1.2%),low noise | 41 (0.4%),rca inputs and | 15 (0.1%),
preamp | 69 (3.9%),low noise | 15 (0.9%),phono turntable preamp | 9 (0.5%),rca | 121 (1.2%),power supply | 29 (0.3%),be used as | 10 (0.1%),
preamplifier | 65 (3.7%),rca input | 15 (0.9%),turntable preamp mini | 9 (0.5%),sound | 109 (1.1%),can be | 27 (0.3%),low noise audio | 9 (0.1%),
phono | 48 (2.7%),tube preamp | 13 (0.7%),preamp mini electronic | 8 (0.5%),power | 88 (0.9%),high quality | 23 (0.2%),noise audio operational | 9 (0.1%),
tube | 47 (2.7%),for home | 13 (0.7%),mini electronic audio | 8 (0.5%),output | 80 (0.8%),sound quality | 22 (0.2%),audio operational amplifiers | 9 (0.1%),
rca | 40 (2.3%),turntable preamp | 12 (0.7%),electronic audio stereo | 8 (0.5%),input | 80 (0.8%),rca inputs | 19 (0.2%),can be replaced | 9 (0.1%),
stereo | 39 (2.2%),audio stereo | 12 (0.7%),audio stereo phonograph | 8 (0.5%),low | 78 (0.8%),,low noise operation: | 8 (0.1%),
mini | 23 (1.3%),phonograph preamplifier | 12 (0.7%),,preamp | 71 (0.7%),,,
output | 22 (1.2%),tube preamplifier | 12 (0.7%),,noise | 70 (0.7%),,,
black | 22 (1.2%),,,tube | 66 (0.7%),,,
,,,,,,
商品类目链接,https://www.amazon.com/gp/bestsellers/musical-instruments/11972101/ref=pd_zg_hrsr_musical-instruments?language=en_US,,,,,
标题关键字列表(1个单词),标题关键字列表(2个单词),标题关键字列表(3个单词),五点关键字列表(1个单词),五点关键字列表(2个单词),五点关键字列表(3个单词),
recorder | 118 (8.3%),soprano recorder | 49 (3.5%),soprano descant recorder | 11 (0.8%),recorder | 149 (2.1%),cleaning rod | 55 (0.8%),soprano recorder is | 20 (0.3%),
soprano | 70 (4.9%),cleaning rod | 34 (2.4%),key of c | 11 (0.8%),easy | 84 (1.2%),soprano recorder | 40 (0.6%),is made of | 14 (0.2%),
cleaning | 45 (3.2%),german style | 19 (1.3%),instrument for kids | 8 (0.6%),cleaning | 73 (1%),recorder is | 36 (0.5%),recorder is made | 13 (0.2%),
hole | 35 (2.5%),for kids | 19 (1.3%),cleaning rod bag | 7 (0.5%),fingering | 67 (0.9%),fingering chart | 31 (0.4%),school ensembles home | 13 (0.2%),
fingering | 34 (2.4%),fingering chart | 17 (1.2%),fingering chart instructions | 7 (0.5%),soprano | 65 (0.9%),suitable for | 31 (0.4%),ensembles home practice | 13 (0.2%),
rod | 34 (2.4%),key of | 15 (1.1%),,music | 63 (0.9%),of the | 28 (0.4%),home practice music | 13 (0.2%),
descant | 30 (2.1%),c key | 15 (1.1%),,rod | 55 (0.8%),,,
key | 30 (2.1%),,,hole | 53 (0.7%),,,
instrument | 30 (2.1%),,,bag | 50 (0.7%),,,
kids | 28 (2%),,,play | 44 (0.6%),,,
,,,,,,
商品类目链接,https://www.amazon.com/gp/bestsellers/electronics/12097479011/ref=pd_zg_hrsr_electronics?language=en_US,,,,,
标题关键字列表(1个单词),标题关键字列表(2个单词),标题关键字列表(3个单词),五点关键字列表(1个单词),五点关键字列表(2个单词),五点关键字列表(3个单词),
headphones | 152 (6.3%),headphones for | 24 (1%),headphones for kids | 14 (0.6%),headphones | 278 (1.4%),you can | 57 (0.3%),the perfect fit | 16 (0.1%),
ear | 77 (3.2%),kids headphones | 23 (1%),wired headphones for | 11 (0.5%),bluetooth | 169 (0.9%),hours of | 50 (0.3%),headphones are compatible | 14 (0.1%),
wireless | 68 (2.8%),bluetooth headphones | 21 (0.9%),noise cancelling headphones | 8 (0.3%),music | 136 (0.7%),headphones are | 50 (0.3%),zihnic headphones are | 14 (0.1%),
bluetooth | 56 (2.3%),noise cancelling | 19 (0.8%),ear bluetooth headphones | 8 (0.3%),sound | 134 (0.7%),hands free | 32 (0.2%),active noise cancellation | 13 (0.1%),
kids | 47 (2%),wired headphones | 18 (0.8%),for kids boys | 7 (0.3%),ear | 121 (0.6%),,,
wired | 37 (1.5%),for school | 16 (0.7%),,hours | 114 (0.6%),,,
headset | 33 (1.4%),ear headphones | 15 (0.6%),,noise | 107 (0.5%),,,
microphone | 33 (1.4%),,,volume | 105 (0.5%),,,
volume | 30 (1.3%),,,audio | 94 (0.5%),,,
,,,,,,
商品类目链接,https://www.amazon.com/gp/bestsellers/electronics/172542/ref=pd_zg_hrsr_electronics?language=en_US,,,,,
标题关键字列表(1个单词),标题关键字列表(2个单词),标题关键字列表(3个单词),五点关键字列表(1个单词),五点关键字列表(2个单词),五点关键字列表(3个单词),
cd | 82 (4.6%),cd dvd | 34 (1.9%),capacity cd dvd | 18 (1%),cd | 149 (1.5%),cd dvd | 49 (0.5%),long time use | 13 (0.1%),
dvd | 64 (3.6%),capacity cd | 23 (1.3%),cd dvd case | 18 (1%),dvd | 117 (1.2%),you can | 30 (0.3%),the zipper can | 11 (0.1%),
case | 59 (3.3%),dvd case | 22 (1.2%),dvd case holder | 10 (0.6%),storage | 102 (1%),high quality | 26 (0.3%),you can carry | 11 (0.1%),
storage | 52 (2.9%),case holder | 17 (0.9%),cd jewel case | 7 (0.4%),case | 79 (0.8%),hand strap | 25 (0.2%),money back guarantee | 11 (0.1%),
sleeves | 47 (2.6%),vinyl record | 13 (0.7%),vinyl record sleeves | 6 (0.3%),discs | 74 (0.7%),dvd storage | 23 (0.2%),might be a | 11 (0.1%),
capacity | 43 (2.4%),cd case | 12 (0.7%),capacity heavy duty | 6 (0.3%),sleeves | 72 (0.7%),of the | 22 (0.2%),be a little | 11 (0.1%),
holder | 37 (2.1%),storage binder | 11 (0.6%),heavy duty cd | 6 (0.3%),cds | 61 (0.6%),cd case | 20 (0.2%),a little color | 11 (0.1%),
wallet | 30 (1.7%),heavy duty | 10 (0.6%),clear cd jewel | 6 (0.3%),record | 57 (0.6%),vinyl record | 19 (0.2%),little color difference | 11 (0.1%),
clear | 29 (1.6%),dvd storage | 10 (0.6%),case holder storage | 6 (0.3%),vinyl | 57 (0.6%),keep your | 19 (0.2%),,
binder | 27 (1.5%),record sleeves | 9 (0.5%),,easy | 56 (0.6%),,,
,,,,,,
商品类目链接,https://www.amazon.com/gp/bestsellers/electronics/172421/ref=pd_zg_hrsr_electronics?language=en_US,,,,,
标题关键字列表(1个单词),标题关键字列表(2个单词),标题关键字列表(3个单词),五点关键字列表(1个单词),五点关键字列表(2个单词),五点关键字列表(3个单词),
camera | 217 (8%),video camera | 84 (3.1%),video camera camcorder | 40 (1.5%),camera | 567 (2.3%),you can | 188 (0.8%),can be used | 46 (0.2%),
video | 110 (4.1%),vlogging camera | 49 (1.8%),ir night vision | 31 (1.1%),video | 390 (1.6%),video camera | 125 (0.5%),ir night vision | 36 (0.1%),
camcorder | 109 (4%),camera camcorder | 44 (1.6%),camera for youtube | 25 (0.9%),camcorder | 193 (0.8%),the camera | 107 (0.4%),as a webcam | 36 (0.1%),
digital | 99 (3.6%),digital zoom | 43 (1.6%),vlogging camera for | 15 (0.6%),recording | 185 (0.8%),can be | 84 (0.3%),recording while charging | 36 (0.1%),
youtube | 61 (2.2%),night vision | 37 (1.4%),youtube vlogging camera | 11 (0.4%),function | 150 (0.6%),night vision | 73 (0.3%),be used as | 35 (0.1%),
screen | 60 (2.2%),camera for | 36 (1.3%),microphone remote control | 11 (0.4%),videos | 150 (0.6%),vlogging camera | 67 (0.3%),if you have | 35 (0.1%),
vlogging | 56 (2.1%),touch screen | 35 (1.3%),,digital | 132 (0.5%),remote control | 66 (0.3%),you have any | 35 (0.1%),
zoom | 56 (2.1%),ir night | 34 (1.3%),,supports | 121 (0.5%),sd card | 61 (0.3%),,
hd | 52 (1.9%),,,light | 120 (0.5%),,,
,,,,,,
商品类目链接,https://www.amazon.com/gp/bestsellers/electronics/18008656011/ref=pd_zg_hrsr_electronics?language=en_US,,,,,
标题关键字列表(1个单词),标题关键字列表(2个单词),标题关键字列表(3个单词),五点关键字列表(1个单词),五点关键字列表(2个单词),五点关键字列表(3个单词),
record | 147 (8.1%),vinyl record | 66 (3.6%),vinyl record cleaner | 28 (1.5%),record | 254 (2.2%),vinyl record | 64 (0.5%),vinyl record cleaning | 23 (0.2%),
vinyl | 112 (6.2%),record cleaning | 46 (2.5%),vinyl record cleaning | 23 (1.3%),vinyl | 226 (1.9%),record cleaning | 54 (0.5%),hudson hi fi | 18 (0.2%),
cleaning | 110 (6.1%),record cleaner | 42 (2.3%),record cleaning kit | 12 (0.7%),cleaning | 206 (1.8%),your vinyl | 47 (0.4%),a full refund | 17 (0.1%),
cleaner | 86 (4.8%),anti static | 38 (2.1%),record cleaning brush | 10 (0.6%),brush | 137 (1.2%),record cleaner | 42 (0.4%),contact us for | 15 (0.1%),
brush | 79 (4.4%),cleaning kit | 20 (1.1%),record cleaner kit | 9 (0.5%),records | 89 (0.8%),carbon fiber | 39 (0.3%),us for a | 15 (0.1%),
kit | 46 (2.5%),carbon fiber | 18 (1%),record cleaning solution | 9 (0.5%),dust | 87 (0.7%),anti static | 33 (0.3%),for a full | 14 (0.1%),
stylus | 41 (2.3%),cleaning solution | 16 (0.9%),anti static carbon | 8 (0.4%),cleaner | 84 (0.7%),dust and | 30 (0.3%),dust and dirt | 14 (0.1%),
anti | 39 (2.2%),cleaning brush | 16 (0.9%),anti static record | 7 (0.4%),stylus | 81 (0.7%),the vinyl | 30 (0.3%),the life of | 13 (0.1%),
static | 39 (2.2%),record brush | 13 (0.7%),velvet record brush | 7 (0.4%),static | 73 (0.6%),vinyl records | 29 (0.2%),carbon fiber bristles | 13 (0.1%),
lp | 25 (1.4%),,static carbon fiber | 7 (0.4%),quality | 66 (0.6%),for a | 29 (0.2%),please contact us | 13 (0.1%),
,,,,,,
商品类目链接,https://www.amazon.com/gp/bestsellers/musical-instruments/11973111/ref=pd_zg_hrsr_musical-instruments?language=en_US,,,,,
标题关键字列表(1个单词),标题关键字列表(2个单词),标题关键字列表(3个单词),五点关键字列表(1个单词),五点关键字列表(2个单词),五点关键字列表(3个单词),
microphone | 79 (3.5%),blue yeti | 13 (0.6%),for blue yeti | 10 (0.4%),microphone | 143 (1.1%),the microphone | 29 (0.2%),can be used | 11 (0.1%),
mic | 49 (2.2%),for blue | 12 (0.5%),suspension boom scissor | 6 (0.3%),sound | 86 (0.7%),pop filter | 26 (0.2%),table mounting clamp | 7 (0.1%),
black | 29 (1.3%),pop filter | 10 (0.4%),boom scissor arm | 6 (0.3%),cable | 65 (0.5%),you can | 23 (0.2%),wireless microphone can | 6 (0%),
stand | 28 (1.2%),karaoke microphone | 9 (0.4%),scissor arm stand | 5 (0.2%),recording | 58 (0.5%),,micro sd card | 6 (0%),
cable | 27 (1.2%),microphone for | 8 (0.4%),stand for blue | 5 (0.2%),mic | 55 (0.4%),,oxygen free copper | 6 (0%),
karaoke | 26 (1.2%),usb microphone | 8 (0.4%),sound proof padding | 4 (0.2%),high | 54 (0.4%),,you have any | 6 (0%),
blue | 24 (1.1%),arm stand | 8 (0.4%),wireless bluetooth karaoke | 4 (0.2%),noise | 52 (0.4%),,the same time | 6 (0%),
arm | 21 (0.9%),,bluetooth karaoke microphone | 4 (0.2%),voice | 44 (0.3%),,scissor arm stand | 6 (0%),
usb | 21 (0.9%),,,usb | 44 (0.3%),,,
studio | 19 (0.8%),,,foam | 41 (0.3%),,,
,,,,,,
