商品类目链接,https://www.amazon.com/gp/bestsellers/office-products/1069196/ref=pd_zg_hrsr_office-products?language=en_US,,,,,
标题关键字列表(1个单词),标题关键字列表(2个单词),标题关键字列表(3个单词),五点关键字列表(1个单词),五点关键字列表(2个单词),五点关键字列表(3个单词),
door | 248 (11.2%),door stop | 66 (3%),heavy duty door | 12 (0.5%),door | 654 (4%),the door | 127 (0.8%),of the door | 23 (0.1%),
stopper | 72 (3.3%),door stopper | 65 (2.9%),rubber door stop | 9 (0.4%),doors | 155 (1%),door stopper | 119 (0.7%),door stopper is | 21 (0.1%),
stop | 71 (3.2%),heavy duty | 33 (1.5%),door stopper wall | 8 (0.4%),wall | 154 (0.9%),door stop | 88 (0.5%),the door stopper | 17 (0.1%),
wall | 50 (2.3%),magnetic door | 16 (0.7%),magnetic door stop | 8 (0.4%),stopper | 136 (0.8%),door stoppers | 48 (0.3%),the door stop | 17 (0.1%),
pack | 49 (2.2%),wall protector | 15 (0.7%),rubber bumper tips | 8 (0.4%),stop | 114 (0.7%),door stops | 44 (0.3%),is made of | 15 (0.1%),
rubber | 47 (2.1%),door stops | 15 (0.7%),stopper wall protector | 7 (0.3%),will | 109 (0.7%),can be | 43 (0.3%),can be used | 15 (0.1%),
heavy | 36 (1.6%),rubber door | 14 (0.6%),door security bar | 7 (0.3%),rubber | 100 (0.6%),your door | 42 (0.3%),a full refund | 14 (0.1%),
duty | 33 (1.5%),stainless steel | 14 (0.6%),hinge pin door | 7 (0.3%),home | 79 (0.5%),the wall | 38 (0.2%),door stop is | 14 (0.1%),
black | 32 (1.4%),duty door | 12 (0.5%),,quality | 77 (0.5%),you can | 36 (0.2%),door stopper wall | 13 (0.1%),
bumper | 24 (1.1%),self adhesive | 11 (0.5%),,walls | 72 (0.4%),,,
,,,,,,
